nb_new_signs,time
84081,1631379309.2436445
84084,1631379327.946156
84087,1631379389.1164277
84091,1631379512.9293427
