nb_new_signs,time
83991,1631377323.970389
"[3, 1631377375.0526464]"
